,目的別標記,,,,,,,,,,,財産経営課資料,,,,
第１階層,,英語,中国語,第２階層,,英語,中国語,課名,窓口番号等,庁舎,階数,案内文,英語,中国語,,
1,妊娠・出産,,,1,母子健康手帳,,,健康課,保健福祉センター,保健福祉センター,1階,保健福祉センター1階健康課をお訪ねください。,,,,
1,妊娠・出産,,,2,出生届,,,市民課,2,南庁舎,1階,南庁舎1階市民課をお訪ねください。,,,,
1,妊娠・出産,,,3,国民健康保険の手続き,,,保険医療課,3,南庁舎,1階,南庁舎1階保険医療課をお訪ねください。,,,,
1,妊娠・出産,,,4,妊婦健康診査,,,健康課,保健福祉センター,保健福祉センター,1階,保健福祉センター1階健康課をお訪ねください。,,,,
1,妊娠・出産,,,5,乳幼児健診,,,健康課,保健福祉センター,保健福祉センター,1階,保健福祉センター1階健康課をお訪ねください。,,,,
1,妊娠・出産,,,6,予防接種,,,健康課,保健福祉センター,保健福祉センター,1階,保健福祉センター1階健康課をお訪ねください。,,,,
1,妊娠・出産,,,7,出産育児一時金,,,保険医療課,3,南庁舎,1階,南庁舎1階保険医療課をお訪ねください。,,,,
1,妊娠・出産,,,8,子ども医療費助成制度,,,保険医療課,3,南庁舎,1階,南庁舎1階保険医療課をお訪ねください。,,,,
1,妊娠・出産,,,9,不妊治療費の助成,,,健康課,保健福祉センター,保健福祉センター,1階,保健福祉センター1階健康課をお訪ねください。,,,,
1,妊娠・出産,,,10,パパママ教室,,,健康課,保健福祉センター,保健福祉センター,1階,保健福祉センター1階健康課をお訪ねください。,,,,
1,妊娠・出産,,,11,児童手当,,,こども課,4,南庁舎,1階,南庁舎1階こども課をお訪ねください。,,,,
1,妊娠・出産,,,12,未熟児養育医療給付,,,保険医療課,3,南庁舎,1階,南庁舎1階保険医療課をお訪ねください。,,,,
2,子育て,,,1,保育園・認可外保育園,,,保育課,4,南庁舎,1階,南庁舎1階こども課をお訪ねください。,,,,
2,子育て,,,2,幼稚園・幼稚園就園奨励費補助金,,,保育課,4,南庁舎,1階,南庁舎1階こども課をお訪ねください。,,,,
2,子育て,,,3,児童手当,,,こども課,4,南庁舎,1階,南庁舎1階こども課をお訪ねください。,,,,
2,子育て,,,4,児童扶養手当,,,こども課,4,南庁舎,1階,南庁舎1階こども課をお訪ねください。,,,,
2,子育て,,,5,遺児手当,,,こども課,4,南庁舎,1階,南庁舎1階こども課をお訪ねください。,,,,
2,子育て,,,6,遺児就学手当,,,こども課,4,南庁舎,1階,南庁舎1階こども課をお訪ねください。,,,,
2,子育て,,,7,特別児童扶養手当,,,こども課,4,南庁舎,1階,南庁舎1階こども課をお訪ねください。,,,,
2,子育て,,,8,子供医療費助成制度　,,,保険医療課,3,南庁舎,1階,南庁舎1階保険医療課をお訪ねください。,,,,
2,子育て,,,9,母子父子家庭医療費助成,,,保険医療課,3,南庁舎,1階,南庁舎1階保険医療課をお訪ねください。,,,,
2,子育て,,,10,予防接種,,,健康課,保健福祉センター,保健福祉センター,1階,保健福祉センター1階健康課をお訪ねください。,,,,
2,子育て,,,11,ファミリーサポートセンター,,,こども課子育て支援室,保健福祉センター,保健福祉センター,４階,保健福祉センター４階子育て支援ｾﾝﾀｰをお訪ねください。,,,,
2,子育て,,,12,病児・病後児保育,,,保育課,4,南庁舎,1階,南庁舎1階こども課をお訪ねください。,,,,
2,子育て,,,13,一時保育・休日保育,,,保育課,4,南庁舎,1階,南庁舎1階こども課をお訪ねください。,,,,
2,子育て,,,14,保育相談,,,保育課,4,南庁舎,1階,南庁舎1階こども課をお訪ねください。,,,,
2,子育て,,,15,子供の発達センターにこにこ,,,こども課こどもの発達センター,保健福祉センター,保健福祉センター,3階,保健福祉センター3階こどもの発達センターをお訪ねください。,,,,
2,子育て,,,16,子供・子育て相談,,,こども課子育て支援室,保健福祉センター,保健福祉センター,3階,保健福祉センター3階子育て支援室をお訪ねください。,,,,
2,子育て,,,17,児童館,,,こども課,4,南庁舎,1階,南庁舎1階こども課をお訪ねください。,,,,
2,子育て,,,18,児童クラブ・学童クラブ,,,こども課,4,南庁舎,1階,南庁舎1階こども課をお訪ねください。,,,,
2,子育て,,,19,はぐみんカード,,,こども課,4,南庁舎,1階,南庁舎1階こども課をお訪ねください。,,,,
2,子育て,,,20,次世代育成支援対策,,,こども未来課,4,南庁舎,1階,南庁舎1階こども課をお訪ねください。,,,,
2,子育て,,,21,保育士確保,,,こども未来課,4,南庁舎,1階,南庁舎1階こども課をお訪ねください。,,,,
3,教育,,,1,入学・転校（小・中学校）,,,教育行政課,35,北庁舎,2階,北庁舎2階教育行政課をお訪ねください。,,,,
3,教育,,,2,小・中学校,,,教育行政課,35,北庁舎,2階,北庁舎2階教育行政課をお訪ねください。,,,,
3,教育,,,3,就学援助,,,教育行政課,35,北庁舎,2階,北庁舎2階教育行政課をお訪ねください。,,,,
3,教育,,,4,教育・いじめ相談,,,教育行政課,35,北庁舎,2階,北庁舎2階教育行政課をお訪ねください。,,,,
3,教育,,,5,教育委員会,,,教育行政課,35,北庁舎,2階,北庁舎2階教育行政課をお訪ねください。,,,,
3,教育,,,6,私立学校修学支援,,,教育行政課,35,北庁舎,2階,北庁舎2階教育行政課をお訪ねください。,,,,
3,教育,,,7,スクールガード,,,教育行政課,35,北庁舎,2階,北庁舎2階教育行政課をお訪ねください。,,,,
3,教育,,,8,幼稚園・幼稚園就園奨励費補助金,,,保育課,4,南庁舎,1階,南庁舎1階こども課をお訪ねください。,,,,
4,結婚・離婚,,,1,出生・婚姻届など,,,市民課,2,南庁舎,1階,南庁舎1階市民課をお訪ねください。,,,,
4,結婚・離婚,,,2,転入・転出届など,,,市民課,2,南庁舎,1階,南庁舎1階市民課をお訪ねください。,,,,
4,結婚・離婚,,,3,国民年金の手続き ,,,保険医療課,3,南庁舎,1階,南庁舎1階保険医療課をお訪ねください。,,,,
4,結婚・離婚,,,4,国民健康保険の手続き,,,保険医療課,3,南庁舎,1階,南庁舎1階保険医療課をお訪ねください。,,,,
5,引越し・住まい,,,1,転入・転出届など,,,市民課,2,南庁舎,1階,南庁舎1階市民課をお訪ねください。,,,,
5,引越し・住まい,,,2,住所変更,,,市民課,2,南庁舎,1階,南庁舎1階市民課をお訪ねください。,,,,
5,引越し・住まい,,,3,戸籍異動,,,市民課,2,南庁舎,1階,南庁舎1階市民課をお訪ねください。,,,,
5,引越し・住まい,,,4,世帯分離,,,市民課,2,南庁舎,1階,南庁舎1階市民課をお訪ねください。,,,,
5,引越し・住まい,,,5,外国人登録,,,市民課,2,南庁舎,1階,南庁舎1階市民課をお訪ねください。,,,,
5,引越し・住まい,,,6,出生・婚姻届など,,,市民課,2,南庁舎,1階,南庁舎1階市民課をお訪ねください。,,,,
5,引越し・住まい,,,7,印鑑登録 ,,,市民課,1,南庁舎,1階,南庁舎1階市民課をお訪ねください。,,,,
5,引越し・住まい,,,8,特別永住者証明書・在留カードなど,,,市民課,2,南庁舎,1階,南庁舎1階市民課をお訪ねください。,,,,
5,引越し・住まい,,,9,国民年金の手続き ,,,保険医療課,3,南庁舎,1階,南庁舎1階保険医療課をお訪ねください。,,,,
5,引越し・住まい,,,10,国民健康保険の手続き,,,保険医療課,3,南庁舎,1階,南庁舎1階保険医療課をお訪ねください。,,,,
5,引越し・住まい,,,11,子ども医療費助成,,,保険医療課,3,南庁舎,1階,南庁舎1階保険医療課をお訪ねください。,,,,
5,引越し・住まい,,,12,障害者医療費助成・精神障害者医療費助成,,,保険医療課,3,南庁舎,1階,南庁舎1階保険医療課をお訪ねください。,,,,
5,引越し・住まい,,,13,後期高齢者福祉医療費助成,,,保険医療課,3,南庁舎,1階,南庁舎1階保険医療課をお訪ねください。,,,,
5,引越し・住まい,,,14,各種福祉医療費助成,,,保険医療課,3,南庁舎,1階,南庁舎1階保険医療課をお訪ねください。,,,,
5,引越し・住まい,,,15,後期高齢者医療保険の手続き,,,保険医療課,3,南庁舎,1階,南庁舎1階保険医療課をお訪ねください。,,,,
5,引越し・住まい,,,16,水道の手続き ,,,上水道課,24,南庁舎,2階,南庁舎2階上水道課をお訪ねください。,,,,
5,引越し・住まい,,,17,下水道の手続き ,,,下水道課,25,南庁舎,2階,南庁舎2階下水道課をお訪ねください。,,,,
5,引越し・住まい,,,18,入学・転校（小・中学校）,,,教育行政課,35,北庁舎,2階,北庁舎2階教育行政課をお訪ねください。,,,,
5,引越し・住まい,,,19,自治会・町内会,,,市民活動課,36,北庁舎,2階,北庁舎2階市民活動課をお訪ねください。,,,,
5,引越し・住まい,,,20,固定資産税・都市計画税・軽自動車税,,,税務課,10,北庁舎,1階,北庁舎1階税務課をお訪ねください。,,,,
5,引越し・住まい,,,21,公営住宅,,,都市計画課,23,南庁舎,2階,南庁舎2階都市計画課をお訪ねください。,,,,
5,引越し・住まい,,,22,建築相談,,,都市計画課,23,南庁舎,2階,南庁舎2階都市計画課をお訪ねください。,,,,
5,引越し・住まい,,,23,ごみ,,,環境課,8,北庁舎,1階,北庁舎1階環境課をお訪ねください。,,,,
5,引越し・住まい,,,24,公園・緑地,,,都市整備課,21,南庁舎,2階,南庁舎2階都市整備課をお訪ねください。,,,,
6,おくやみ,,,1,死亡届,,,市民課,2,南庁舎,1階,南庁舎1階市民課をお訪ねください。,,,,
6,おくやみ,,,2,火葬許可証,,,市民課,2,南庁舎,1階,南庁舎1階市民課をお訪ねください。,,,,
6,おくやみ,,,3,国民健康保険の手続き,,,保険医療課,3,南庁舎,1階,南庁舎1階保険医療課をお訪ねください。,,,,
6,おくやみ,,,4,後期高齢者医療の手続き,,,保険医療課,3,南庁舎,1階,南庁舎1階保険医療課をお訪ねください。,,,,
6,おくやみ,,,5,後期高齢者福祉医療費助成,,,保険医療課,3,南庁舎,1階,南庁舎1階保険医療課をお訪ねください。,,,,
6,おくやみ,,,6,各種福祉医療費助成,,,保険医療課,3,南庁舎,1階,南庁舎1階保険医療課をお訪ねください。,,,,
6,おくやみ,,,7,旭平和墓園,,,環境課,8,北庁舎,1階,北庁舎1階環境課をお訪ねください。,,,,
7,戸籍・住民票・印鑑登録,,,1,住民票などの証明書発行・印鑑登録,,,市民課,1,南庁舎,1階,南庁舎1階市民課をお訪ねください。,,,,
7,戸籍・住民票・印鑑登録,,,2,転入・転出届など,,,市民課,2,南庁舎,1階,南庁舎1階市民課をお訪ねください。,,,,
7,戸籍・住民票・印鑑登録,,,3,出生・婚姻届など,,,市民課,2,南庁舎,1階,南庁舎1階市民課をお訪ねください。,,,,
7,戸籍・住民票・印鑑登録,,,4,特別永住者証明書・在留カードなど,,,市民課,2,南庁舎,1階,南庁舎1階市民課をお訪ねください。,,,,
7,戸籍・住民票・印鑑登録,,,5,マイナンバーカード ,,,市民課,2,南庁舎,1階,南庁舎1階市民課をお訪ねください。,,,,
8,税金・保険・年金,,,1,市・県民税,,,税務課,9,北庁舎,1階,北庁舎1階税務課をお訪ねください。,,,,
8,税金・保険・年金,,,2,給与支払報告書,,,税務課,9,北庁舎,1階,北庁舎1階税務課をお訪ねください。,,,,
8,税金・保険・年金,,,3,法人市民税,,,税務課,9,北庁舎,1階,北庁舎1階税務課をお訪ねください。,,,,
8,税金・保険・年金,,,4,事業証明,,,税務課,9,北庁舎,1階,北庁舎1階税務課をお訪ねください。,,,,
8,税金・保険・年金,,,5,固定資産税・都市計画税・軽自動車税,,,税務課,10,北庁舎,1階,北庁舎1階税務課をお訪ねください。,,,,
8,税金・保険・年金,,,6,土地台帳,,,税務課,10,北庁舎,1階,北庁舎1階税務課をお訪ねください。,,,,
8,税金・保険・年金,,,7,名寄せ（固定資産課税台帳）,,,税務課,10,北庁舎,1階,北庁舎1階税務課をお訪ねください。,,,,
8,税金・保険・年金,,,8,家屋・評価証明,,,税務課,10,北庁舎,1階,北庁舎1階税務課をお訪ねください。,,,,
8,税金・保険・年金,,,9,納税証明,,,収納課,11,北庁舎,1階,北庁舎1階収納課をお訪ねください。,,,,
8,税金・保険・年金,,,10,納税,,,収納課,11,北庁舎,1階,北庁舎1階収納課をお訪ねください。,,,,
8,税金・保険・年金,,,11,国民年金,,,保険医療課,3,南庁舎,1階,南庁舎1階保険医療課をお訪ねください。,,,,
8,税金・保険・年金,,,12,国民健康保険,,,保険医療課,3,南庁舎,1階,南庁舎1階保険医療課をお訪ねください。,,,,
8,税金・保険・年金,,,13,後期高齢者医療制度,,,保険医療課,3,南庁舎,1階,南庁舎1階保険医療課をお訪ねください。,,,,
8,税金・保険・年金,,,14,介護保険,,,長寿課,7,南庁舎,1階,南庁舎1階長寿課をお訪ねください。,,,,
9,生活・環境・防災・防犯・交通安全,,,1,自治会・町内会,,,市民活動課,36,北庁舎,2階,北庁舎2階市民活動課をお訪ねください。,,,,
9,生活・環境・防災・防犯・交通安全,,,2,市営バス,,,都市計画課,23,南庁舎,2階,南庁舎2階都市計画課をお訪ねください。,,,,
9,生活・環境・防災・防犯・交通安全,,,3,ごみ,,,環境課,8,北庁舎,1階,北庁舎1階環境課をお訪ねください。,,,,
9,生活・環境・防災・防犯・交通安全,,,4,リサイクル,,,環境課,8,北庁舎,1階,北庁舎1階環境課をお訪ねください。,,,,
9,生活・環境・防災・防犯・交通安全,,,5,ペット・動物,,,環境課,8,北庁舎,1階,北庁舎1階環境課をお訪ねください。,,,,
9,生活・環境・防災・防犯・交通安全,,,6,し尿,,,環境課,8,北庁舎,1階,北庁舎1階環境課をお訪ねください。,,,,
9,生活・環境・防災・防犯・交通安全,,,7,浄化槽,,,環境課,8,北庁舎,1階,北庁舎1階環境課をお訪ねください。,,,,
9,生活・環境・防災・防犯・交通安全,,,8,草刈機,,,環境課,8,北庁舎,1階,北庁舎1階環境課をお訪ねください。,,,,
9,生活・環境・防災・防犯・交通安全,,,9,太陽光発電など,,,環境課,8,北庁舎,1階,北庁舎1階環境課をお訪ねください。,,,,
9,生活・環境・防災・防犯・交通安全,,,10,特定建設作業届,,,環境課,8,北庁舎,1階,北庁舎1階環境課をお訪ねください。,,,,
9,生活・環境・防災・防犯・交通安全,,,11,防災・減災,,,災害対策室,30,北庁舎,2階,北庁舎2階災害対策室をお訪ねください。,,,,
9,生活・環境・防災・防犯・交通安全,,,12,街頭消火器,,,災害対策室,30,北庁舎,2階,北庁舎2階災害対策室をお訪ねください。,,,,
9,生活・環境・防災・防犯・交通安全,,,13,罹災証明,,,災害対策室,30,北庁舎,2階,北庁舎2階災害対策室をお訪ねください。,,,,
9,生活・環境・防災・防犯・交通安全,,,14,Jアラード,,,災害対策室,30,北庁舎,2階,北庁舎2階災害対策室をお訪ねください。,,,,
9,生活・環境・防災・防犯・交通安全,,,15,ふれあい会館,,,市民活動課,36,北庁舎,2階,北庁舎2階市民活動課をお訪ねください。,,,,
9,生活・環境・防災・防犯・交通安全,,,16,新池交流館,,,市民活動課,36,北庁舎,2階,北庁舎2階市民活動課をお訪ねください。,,,,
9,生活・環境・防災・防犯・交通安全,,,17,集会所,,,市民活動課,36,北庁舎,2階,北庁舎2階市民活動課をお訪ねください。,,,,
9,生活・環境・防災・防犯・交通安全,,,18,男女共同参画,,,市民活動課,36,北庁舎,2階,北庁舎2階市民活動課をお訪ねください。,,,,
9,生活・環境・防災・防犯・交通安全,,,19,地域防犯,,,市民活動課,36,北庁舎,2階,北庁舎2階市民活動課をお訪ねください。,,,,
9,生活・環境・防災・防犯・交通安全,,,20,交通安全,,,市民活動課,36,北庁舎,2階,北庁舎2階市民活動課をお訪ねください。,,,,
9,生活・環境・防災・防犯・交通安全,,,21,交通災害共済,,,市民活動課,36,北庁舎,2階,北庁舎2階市民活動課をお訪ねください。,,,,
9,生活・環境・防災・防犯・交通安全,,,22,高齢者運転免許証自主返納,,,市民活動課,36,北庁舎,2階,北庁舎2階市民活動課をお訪ねください。,,,,
9,生活・環境・防災・防犯・交通安全,,,23,赤ナンバー（随時運行許可証）,,,市民課,2,南庁舎,1階,南庁舎1階市民課をお訪ねください。,,,,
9,生活・環境・防災・防犯・交通安全,,,24,児童遊園,,,都市整備課,21,南庁舎,2階,南庁舎2階都市整備課をお訪ねください。,,,,
9,生活・環境・防災・防犯・交通安全,,,25,ちびっこ広場,,,都市整備課,21,南庁舎,2階,南庁舎2階都市整備課をお訪ねください。,,,,
9,生活・環境・防災・防犯・交通安全,,,26,区画整理,,,都市整備課,21,南庁舎,2階,南庁舎2階都市整備課をお訪ねください。,,,,
9,生活・環境・防災・防犯・交通安全,,,27,生産緑地,,,都市整備課,21,南庁舎,2階,南庁舎2階都市整備課をお訪ねください。,,,,
9,生活・環境・防災・防犯・交通安全,,,28,建築許可・確認,,,都市計画課,23,南庁舎,2階,南庁舎2階都市計画課をお訪ねください。,,,,
9,生活・環境・防災・防犯・交通安全,,,29,耐震診断,,,都市計画課,23,南庁舎,2階,南庁舎2階都市計画課をお訪ねください。,,,,
9,生活・環境・防災・防犯・交通安全,,,30,市街化調整,,,都市計画課,23,南庁舎,2階,南庁舎2階都市計画課をお訪ねください。,,,,
9,生活・環境・防災・防犯・交通安全,,,31,市・県営住宅,,,都市計画課,23,南庁舎,2階,南庁舎2階都市計画課をお訪ねください。,,,,
9,生活・環境・防災・防犯・交通安全,,,32,側溝,,,土木管理課,22,南庁舎,2階,南庁舎2階土木管理課をお訪ねください。,,,,
9,生活・環境・防災・防犯・交通安全,,,33,街路樹,,,土木管理課,22,南庁舎,2階,南庁舎2階土木管理課をお訪ねください。,,,,
9,生活・環境・防災・防犯・交通安全,,,34,街路灯,,,土木管理課,22,南庁舎,2階,南庁舎2階土木管理課をお訪ねください。,,,,
9,生活・環境・防災・防犯・交通安全,,,35,道路・河川,,,土木管理課,22,南庁舎,2階,南庁舎2階土木管理課をお訪ねください。,,,,
10,健康・福祉,,,1,予防接種,,,健康課,保健福祉センター,保健福祉センター,1階,保健福祉センター1階健康課をお訪ねください。,,,,
10,健康・福祉,,,2,健康診断,,,健康課,保健福祉センター,保健福祉センター,1階,保健福祉センター1階健康課をお訪ねください。,,,,
10,健康・福祉,,,3,高齢者福祉,,,長寿課,7,南庁舎,1階,南庁舎1階長寿課をお訪ねください。,,,,
10,健康・福祉,,,4,シニアクラブ,,,長寿課,7,南庁舎,1階,南庁舎1階長寿課をお訪ねください。,,,,
10,健康・福祉,,,5,多世代交流館,,,長寿課,7,南庁舎,1階,南庁舎1階長寿課をお訪ねください。,,,,
10,健康・福祉,,,6,老人いこいの家,,,長寿課,7,南庁舎,1階,南庁舎1階長寿課をお訪ねください。,,,,
10,健康・福祉,,,7,老人ホーム,,,長寿課,7,南庁舎,1階,南庁舎1階長寿課をお訪ねください。,,,,
10,健康・福祉,,,8,障がい者福祉,,,福祉課,6,南庁舎,1階,南庁舎1階福祉課をお訪ねください。,,,,
10,健康・福祉,,,9,民生委員・児童委員,,,福祉課,6,南庁舎,1階,南庁舎1階福祉課をお訪ねください。,,,,
10,健康・福祉,,,10,生活の困窮のこと,,,福祉課,6,南庁舎,1階,南庁舎1階福祉課をお訪ねください。,,,,
10,健康・福祉,,,11,赤十字募金,,,福祉課,6,南庁舎,1階,南庁舎1階福祉課をお訪ねください。,,,,
10,健康・福祉,,,12,自立支援,,,福祉課,6,南庁舎,1階,南庁舎1階福祉課をお訪ねください。,,,,
10,健康・福祉,,,13,失業者住宅手当,,,福祉課,6,南庁舎,1階,南庁舎1階福祉課をお訪ねください。,,,,
10,健康・福祉,,,14,障害者医療費助成・精神障害者医療費助成,,,保険医療課,3,南庁舎,1階,南庁舎1階保険医療課をお訪ねください。,,,,
10,健康・福祉,,,15,後期高齢者福祉医療費助成,,,保険医療課,3,南庁舎,1階,南庁舎1階保険医療課をお訪ねください。,,,,
10,健康・福祉,,,16,各種福祉医療費助成,,,保険医療課,3,南庁舎,1階,南庁舎1階保険医療課をお訪ねください。,,,,
10,健康・福祉,,,17,難病指定（特定疾患）,,,保険医療課,3,南庁舎,1階,南庁舎1階保険医療課をお訪ねください。,,,,
10,健康・福祉,,,18,コルセット補装具補助,,,保険医療課,3,南庁舎,1階,南庁舎1階保険医療課をお訪ねください。,,,,
10,健康・福祉,,,19,限度額適用認定,,,保険医療課,3,南庁舎,1階,南庁舎1階保険医療課をお訪ねください。,,,,
10,健康・福祉,,,20,高額医療,,,保険医療課,3,南庁舎,1階,南庁舎1階保険医療課をお訪ねください。,,,,
11,文化・スポーツ・生涯学習・市民活動,,,1,体育施設,,,文化スポーツ課,34,北庁舎,2階,北庁舎2階文化スポーツ課をお訪ねください。,,,,
11,文化・スポーツ・生涯学習・市民活動,,,2,学校体育施設開放,,,文化スポーツ課,34,北庁舎,2階,北庁舎2階文化スポーツ課をお訪ねください。,,,,
11,文化・スポーツ・生涯学習・市民活動,,,3,文化財,,,文化スポーツ課,34,北庁舎,2階,北庁舎2階文化スポーツ課をお訪ねください。,,,,
11,文化・スポーツ・生涯学習・市民活動,,,4,どうだん亭,,,文化スポーツ課,34,北庁舎,2階,北庁舎2階文化スポーツ課をお訪ねください。,,,,
11,文化・スポーツ・生涯学習・市民活動,,,5,ふるさとガイド,,,文化スポーツ課,34,北庁舎,2階,北庁舎2階文化スポーツ課をお訪ねください。,,,,
11,文化・スポーツ・生涯学習・市民活動,,,6,市民展,,,文化スポーツ課,34,北庁舎,2階,北庁舎2階文化スポーツ課をお訪ねください。,,,,
11,文化・スポーツ・生涯学習・市民活動,,,7,生涯学習講座,,,生涯学習課,中央公民館,中央公民館,1階,中央公民館1階生涯学習課をお訪ねください。,,,,
11,文化・スポーツ・生涯学習・市民活動,,,8,市民講座,,,生涯学習課,中央公民館,中央公民館,1階,中央公民館1階生涯学習課をお訪ねください。,,,,
11,文化・スポーツ・生涯学習・市民活動,,,9,市民活動保険,,,市民活動課,36,北庁舎,2階,北庁舎2階市民活動課をお訪ねください。,,,,
12,産業・観光,,,1,消費生活相談,,,産業課,20,南庁舎,2階,南庁舎2階産業課をお訪ねください。,,,,
12,産業・観光,,,2,地域職業相談,,,産業課,20,南庁舎,2階,南庁舎2階産業課をお訪ねください。,,,,
12,産業・観光,,,3,労働相談,,,産業課,20,南庁舎,2階,南庁舎2階産業課をお訪ねください。,,,,
12,産業・観光,,,4,中小企業向け融資制度,,,産業課,20,南庁舎,2階,南庁舎2階産業課をお訪ねください。,,,,
12,産業・観光,,,5,農業委員会,,,産業課,20,南庁舎,2階,南庁舎2階産業課をお訪ねください。,,,,
12,産業・観光,,,6,土地改良,,,産業課,20,南庁舎,2階,南庁舎2階産業課をお訪ねください。,,,,
12,産業・観光,,,7,観光情報,,,産業課,20,南庁舎,2階,南庁舎2階産業課をお訪ねください。,,,,
12,産業・観光,,,8,ふれあい農園,,,産業課,20,南庁舎,2階,南庁舎2階産業課をお訪ねください。,,,,
12,産業・観光,,,9,土地開発公社,,,財産経営課,33,北庁舎,2階,北庁舎2階財産経営課をお訪ねください。,,,,
12,産業・観光,,,10,保養センター尾張あさひ苑,,,財産経営課,33,北庁舎,2階,北庁舎2階財産経営課をお訪ねください。,,,,
12,産業・観光,,,11,全国植樹祭,,,全国植樹祭推進室,19,南庁舎,2階,南庁舎2階全国植樹祭推進室をお訪ねください。,,,,
13,相談,,,1,法律相談,,,市民活動課,36,北庁舎,2階,北庁舎2階市民活動課をお訪ねください。,,,,
13,相談,,,2,行政相談,,,行政経営課,32,北庁舎,2階,北庁舎2階行政経営課をお訪ねください。,,,,
13,相談,,,3,不動産相談,,,市民活動課,36,北庁舎,2階,北庁舎2階市民活動課をお訪ねください。,,,,
13,相談,,,4,登記相談,,,市民活動課,36,北庁舎,2階,北庁舎2階市民活動課をお訪ねください。,,,,
13,相談,,,5,人権こまりごと相談,,,市民活動課,36,北庁舎,2階,北庁舎2階市民活動課をお訪ねください。,,,,
13,相談,,,6,かけこみ１１０番,,,市民活動課,36,北庁舎,2階,北庁舎2階市民活動課をお訪ねください。,,,,
13,相談,,,7,生涯学習の相談,,,生涯学習課,中央公民館,中央公民館,1階,中央公民館1階生涯学習課をお訪ねください。,,,,
13,相談,,,8,教育・いじめ相談,,,教育行政課,35,北庁舎,2階,北庁舎2階教育行政課をお訪ねください。,,,,
13,相談,,,9,ひとり親家庭相談,,,こども課,4,南庁舎,1階,南庁舎1階こども課をお訪ねください。,,,,
13,相談,,,10,保育相談,,,保育課,4,南庁舎,1階,南庁舎1階こども課をお訪ねください。,,,,
13,相談,,,11,こども・子育て相談,,,こども課子育て支援室,保健福祉センター,保健福祉センター,3階,保健福祉センター3階子育て支援室をお訪ねください。,,,,
13,相談,,,12,こどもの発達相談,,,こども課こどもの発達センター,保健福祉センター,保健福祉センター,3階,保健福祉センター3階子育て支援室をお訪ねください。,,,,
13,相談,,,13,女性の悩みごと相談,,,こども課子育て支援室,保健福祉センター,保健福祉センター,3階,保健福祉センター3階子育て支援室をお訪ねください。,,,,
13,相談,,,14,児童虐待相談,,,こども課子育て支援室,保健福祉センター,保健福祉センター,3階,保健福祉センター3階子育て支援室をお訪ねください。,,,,
13,相談,,,15,障がいの相談,,,障がい者基幹相談支援ｾﾝﾀｰ,5,南庁舎,1階,南庁舎1階障がい者基幹相談支援ｾﾝﾀｰをお訪ねください。,,,,
13,相談,,,16,健康相談,,,健康課,保健福祉センター,保健福祉センター,1階,保健福祉センター1階健康課をお訪ねください。,,,,
13,相談,,,17,消費生活相談,,,産業課,20,南庁舎,2階,南庁舎2階産業課をお訪ねください。,,,,
13,相談,,,18,地域職業相談,,,産業課,20,南庁舎,2階,南庁舎2階産業課をお訪ねください。,,,,
13,相談,,,19,労働相談,,,産業課,20,南庁舎,2階,南庁舎2階産業課をお訪ねください。,,,,
13,相談,,,20,生活の困窮の相談,,,福祉課,6,南庁舎,1階,南庁舎1階福祉課をお訪ねください。,,,,
14,検診・検査,,,1,国民健康保険特定健康診査・特定保健指導,,,保険医療課,3,南庁舎,1階,南庁舎1階保険医療課をお訪ねください。,,,,
14,検診・検査,,,2,妊婦健康診査,,,健康課,保健福祉センター,保健福祉センター,1階,保健福祉センター1階健康課をお訪ねください。,,,,
14,検診・検査,,,3,乳幼児健診,,,健康課,保健福祉センター,保健福祉センター,1階,保健福祉センター1階健康課をお訪ねください。,,,,
14,検診・検査,,,4,コアラちゃん広場（幼児健康診査事後教室）,,,健康課,保健福祉センター,保健福祉センター,1階,保健福祉センター1階健康課をお訪ねください。,,,,
14,検診・検査,,,5,後期高齢者医療健康診査,,,保険医療課,3,南庁舎,1階,南庁舎1階保険医療課をお訪ねください。,,,,
14,検診・検査,,,6,健康診断,,,健康課,保健福祉センター,保健福祉センター,1階,保健福祉センター1階健康課をお訪ねください。,,,,
15,その他,,,1,公金出納,,,会計課,12,北庁舎,1階,北庁舎1階会計課をお訪ねください。,,,,
15,その他,,,2,市有財産,,,財産経営課,33,北庁舎,2階,北庁舎2階財産経営課をお訪ねください。,,,,
15,その他,,,3,普通財産,,,財産経営課,33,北庁舎,2階,北庁舎2階財産経営課をお訪ねください。,,,,
15,その他,,,4,財政・予算,,,行政経営課,32,北庁舎,2階,北庁舎2階行政経営課をお訪ねください。,,,,
15,その他,,,5,地方交付税,,,行政経営課,32,北庁舎,2階,北庁舎2階行政経営課をお訪ねください。,,,,
15,その他,,,6,文書管理,,,行政経営課,32,北庁舎,2階,北庁舎2階行政経営課をお訪ねください。,,,,
15,その他,,,7,情報公開,,,行政経営課,32,北庁舎,2階,北庁舎2階行政経営課をお訪ねください。,,,,
15,その他,,,8,公平委員会,,,行政経営課,32,北庁舎,2階,北庁舎2階行政経営課をお訪ねください。,,,,
15,その他,,,9,契約・入札,,,総務課,31,北庁舎,2階,北庁舎2階総務課をお訪ねください。,,,,
15,その他,,,10,町名設定,,,総務課,31,北庁舎,2階,北庁舎2階総務課をお訪ねください。,,,,
15,その他,,,11,統計調査,,,総務課,31,北庁舎,2階,北庁舎2階総務課をお訪ねください。,,,,
15,その他,,,12,行政改革,,,総務課,31,北庁舎,2階,北庁舎2階総務課をお訪ねください。,,,,
15,その他,,,13,検査,,,検査課,37,北庁舎,2階,北庁舎2階検査課をお訪ねください。,,,,
16,銀行・ATM・食堂・あさぴーグッズ販売,,,1,金融機関窓口,,,指定金融機関窓口,13,北庁舎,1階,北庁舎1階三菱東京UFJ銀行市役所出張所をお訪ねください。,,,,
16,銀行・ATM・食堂・あさぴーグッズ販売,,,2,ATM（三菱東京UFJ銀行、瀬戸信用金庫）,,,ATM（UFJ、瀬戸信）,ATM（UFJ、瀬戸信）,北庁舎,1階,北庁舎1階ATM（UFJ、瀬戸信）をお訪ねください。,,,,